{"test_loss": 0.40310072898864746, "test_acc": 0.8553488254547119, "test_balanced_acc": 0.6238999179331244, "test_f1_score": 0.8179535321519734}